user_id,name,email,password,date,profileimagePath
1,??????? ?????,olgafedyaeva29@gmail.com,qwerty123,11/16/2006,C:\Users\admin\Desktop\CommunityBookLovers\photo\8.jpg
2,??????? ?????,dariachulkova@gmail.com,asdfg2000,11/06/2006,C:\Users\admin\Desktop\????? ?????\CommunityBookLovers\photo\12.jpg
3,??????? ???????,timofeismirnov@gmail.com,zxcvb12,11/28/2024,C:\Users\admin\Desktop\????? ?????\CommunityBookLovers\photo\5.jpg
4,??????? ???????,smirnovyaroslav@gmail.com,zxc12,11/28/2024,C:\Users\admin\Desktop\????? ?????\CommunityBookLovers\photo\4.jpg
5,??????? ?????,golovnyadarya@gmail.com,ujl;jcfnjhe,11/28/2024,C:\Users\admin\Desktop\????? ?????\CommunityBookLovers\photo\1.png
6,?????????? ?????????,ahmetjanovalexander@gmail.com,f[vtn;fyjd,11/28/2024,C:\Users\admin\Desktop\????? ?????\CommunityBookLovers\photo\11.jpg
7,???????? ?????,smorodinigor@mail.ru,cvjhjlby12,11/28/2024,C:\Users\admin\Desktop\????? ?????\CommunityBookLovers\photo\13.jpg
8,??????? ??????,bavrinapolinka@yandex.ru,gjkbyf12,11/28/2024,C:\Users\admin\Desktop\????? ????? (3)??????\CommunityBookLovers\photo\???????.jpg
9,?????? ????????,rojkovVladimir@gmail.com,hj;rjd78,11/28/2024,C:\Users\admin\Desktop\????? ?????\CommunityBookLovers\photo\1.png
10,??????? ?????????,hrenovaliza@gmail.com,ceuehe,11/29/2024,C:\Users\admin\Desktop\????? ?????\CommunityBookLovers\photo\22.jpg
11,??????? ?????,Shedrina@gmail.com,otlhbyf,12/02/2024,C:\Users\admin\Desktop\????? ????? (3)??????\CommunityBookLovers\photo\???????.jpg
12,?????? ?????????,volkovalexander@mail.ru,djkrjd,12/02/2024,C:\Users\admin\Desktop\????? ?????\CommunityBookLovers\photo\1.png
13,????? ??????,gojo@gmail.com,cfnjhbrb,12/02/2024,C:\Users\admin\Desktop\????? ?????\CommunityBookLovers\photo\1.png
14,????? ????,perov@gmail.com,gthjd,12/02/2024,C:\Users\admin\Desktop\????? ?????\CommunityBookLovers\photo\1.png
15,???????? ?????????,panfilov@gmail.com,gfyabkjdfktr,12/02/2024,C:\Users\admin\Desktop\????? ?????\CommunityBookLovers\photo\1.png
16,????????? ?????,magomedov@mail.ru,vfuf228,12/02/2024,C:\Users\admin\Desktop\????? ?????\CommunityBookLovers\photo\1.png
17,????? ?????,hydov228@gmail.com,juj778,12/02/2024,C:\Users\admin\Desktop\????? ?????\CommunityBookLovers\photo\1.png
18,????? ????,kashindanya@gmail.com,"ctrcb,jq",12/02/2024,C:\Users\admin\Desktop\????? ?????\CommunityBookLovers\photo\1.png
19,????????? ????????,tesnikova@gmail.com,"t,fkf[bhjvb",12/02/2024,C:\Users\admin\Desktop\????? ?????\CommunityBookLovers\photo\1.png
20,?????? ????,Hleb@gmail.com,ljnfrhenj,12/02/2024,C:\Users\admin\Desktop\????? ?????\CommunityBookLovers\photo\1.png
21,??????? ????,julia@yandex.ru,"ytj,vfnthbkbehf",12/02/2024,C:\Users\admin\Desktop\????? ?????\CommunityBookLovers\photo\1.png
22,??????? ?????????,khasanovabdula@gmail.com,vehfcek,12/02/2024,C:\Users\admin\Desktop\????? ?????\CommunityBookLovers\photo\1.png
23,??????? ????,bezikov@gmail.com,rjivfh,12/02/2024,C:\Users\admin\Desktop\????? ?????\CommunityBookLovers\photo\1.png
24,???????? ????????,solovev@yandex.ru,cjkjdtq,12/02/2024,C:\Users\admin\Desktop\????? ?????\CommunityBookLovers\photo\1.png
25,????????? ????,juuli@gmail.com,.kmrf,12/02/2024,C:\Users\admin\Desktop\????? ?????\CommunityBookLovers\photo\1.png
26,???? ????,kreed@gmail.com,rhbl,12/02/2024,C:\Users\admin\Desktop\????? ?????\CommunityBookLovers\photo\1.png
27,??????? ????????,myhamed@gmail.com,ve[fvtl,12/02/2024,C:\Users\admin\Desktop\????? ?????\CommunityBookLovers\photo\1.png
28,????? ????????,putin@gmail.com,genby,12/02/2024,C:\Users\admin\Desktop\????? ?????\CommunityBookLovers\photo\1.png
29,????? ??????,chychev@gmail.com,xextd,12/02/2024,C:\Users\admin\Desktop\????? ?????\CommunityBookLovers\photo\1.png
30,????????? ?????,makar@gmail.com,vfrfh,12/02/2024,C:\Users\admin\Desktop\????? ?????\CommunityBookLovers\photo\1.png
31,?????????? ?????,andrianova@gmail.com,fylhbfyjdf,12/02/2024,C:\Users\admin\Desktop\????? ?????\CommunityBookLovers\photo\1.png
32,?????? ????,panina@gmail.com,gfybyf,12/02/2024,C:\Users\admin\Desktop\????? ?????\CommunityBookLovers\photo\1.png
33,????????? ??????,rymyanceva@gmail.com,hev,12/02/2024,C:\Users\admin\Desktop\????? ?????\CommunityBookLovers\photo\1.png
34,?????? ???????,zaycev@gmail.com,pfqwtd,12/02/2024,C:\Users\admin\Desktop\????? ?????\CommunityBookLovers\photo\1.png
35,?????? ?????,belyaev@gmail.com,gbpltw,12/02/2024,C:\Users\admin\Desktop\????? ?????\CommunityBookLovers\photo\1.png
36,?????? ???????,evgenia@gmail.com,gjgjdf,12/02/2024,C:\Users\admin\Desktop\????? ?????\CommunityBookLovers\photo\1.png
37,??????? ??????,lazarev@gmail.com,kfpfhtd,12/02/2024,C:\Users\admin\Desktop\????? ?????\CommunityBookLovers\photo\1.png
38,???????? ????,lebedev@gmail.com,1246,12/02/2024,C:\Users\admin\Desktop\????? ?????\CommunityBookLovers\photo\1.png
39,???????? ????,nahalova@gmail.com,yf[fk,12/02/2024,C:\Users\admin\Desktop\????? ?????\CommunityBookLovers\photo\1.png
40,??????? ??????,ystin@gmail.com,ecnby,12/02/2024,C:\Users\admin\Desktop\????? ?????\CommunityBookLovers\photo\1.png
41,????????? ??????????,leon@gmail.com,ktjy,12/02/2024,C:\Users\admin\Desktop\????? ?????\CommunityBookLovers\photo\1.png
42,????? ??????,fedyaev@gmail.com,cthtuf,12/02/2024,C:\Users\admin\Desktop\????? ?????\CommunityBookLovers\photo\1.png
43,???????? ?????????,gorshkova@gmail.com,gjyzkf,12/02/2024,C:\Users\admin\Desktop\????? ?????\CommunityBookLovers\photo\1.png
44,??????? ??????,goroh@gmail.com,ehfujhj[,12/02/2024,C:\Users\admin\Desktop\????? ?????\CommunityBookLovers\photo\1.png
45,????????? ?????????,strawberry@gmail.com,xthybrf,12/02/2024,C:\Users\admin\Desktop\????? ?????\CommunityBookLovers\photo\1.png
46,????????? ????????,kyznec@gmail.com,repytw,12/02/2024,C:\Users\admin\Desktop\????? ?????\CommunityBookLovers\photo\1.png
47,?????? ??????,ogyzok@gmail.com,juepjr,12/02/2024,C:\Users\admin\Desktop\????? ?????\CommunityBookLovers\photo\1.png
48,fffff,fff@gmail.com,1111,12/02/2024,C:\Users\admin\Desktop\????? ?????\CommunityBookLovers\photo\1.png
